Fact,"Butte County, California","Amador County, California","Alpine County, California","Alameda County, California","Los Angeles County, California",California,"Kings County, California","Kern County, California","Inyo County, California","Imperial County, California","Humboldt County, California","Glenn County, California","Fresno County, California","El Dorado County, California","Del Norte County, California","Contra Costa County, California","Colusa County, California","Calaveras County, California","Mendocino County, California","Mariposa County, California","Marin County, California","Madera County, California","Lassen County, California","Lake County, California","Nevada County, California","Napa County, California","Monterey County, California","Mono County, California","Modoc County, California","Merced County, California","San Benito County, California","Sacramento County, California","Riverside County, California","Plumas County, California","Placer County, California","Orange County, California","San Mateo County, California","San Luis Obispo County, California","San Joaquin County, California","San Francisco County, California","San Diego County, California","San Bernardino County, California","Siskiyou County, California","Sierra County, California","Shasta County, California","Santa Cruz County, California","Santa Clara County, California","Santa Barbara County, California","Trinity County, California","Tehama County, California","Sutter County, California","Stanislaus County, California","Sonoma County, California","Solano County, California","Yuba County, California","Yolo County, California","Ventura County, California","Tuolumne County, California","Tulare County, California"
"Population estimates, July 1, 2019,  (V2019)","219,186","39,752","1,129","1,671,329","10,039,107","39,512,223","152,940","900,202","18,039","181,215","135,558","28,393","999,101","192,843","27,812","1,153,526","21,547","45,905","86,749","17,203","258,826","157,327","30,573","64,386","99,755","137,744","434,061","14,444","8,841","277,680","62,808","1,552,058","2,470,546","18,807","398,329","3,175,692","766,573","283,111","762,148","881,549","3,338,330","2,180,085","43,539","3,005","180,080","273,213","1,927,852","446,499","12,285","65,084","96,971","550,660","494,336","447,643","78,668","220,500","846,006","54,478","466,195"
"Population estimates, July 1, 2018,  (V2018)","231,256","39,383","1,101","1,666,753","10,105,518","39,557,045","151,366","896,764","17,987","181,827","136,373","28,047","994,400","190,678","27,828","1,150,215","21,627","45,602","87,606","17,471","259,666","157,672","30,802","64,382","99,696","139,417","435,594","14,250","8,777","274,765","61,537","1,540,975","2,450,758","18,804","393,149","3,185,968","769,545","284,010","752,660","883,305","3,343,364","2,171,603","43,724","2,987","180,040","274,255","1,937,570","446,527","12,535","63,916","96,807","549,815","499,942","446,610","78,041","220,408","850,967","54,539","465,861"
"Population estimates base, April 1, 2010,  (V2019)","220,005","38,091","1,175","1,510,258","9,819,968","37,254,519","152,974","839,621","18,542","174,524","134,611","28,122","930,507","181,058","28,610","1,049,204","21,407","45,578","87,850","18,247","252,430","150,834","34,895","64,662","98,747","136,535","415,059","14,206","9,682","255,796","55,265","1,418,735","2,189,765","20,007","348,502","3,008,989","718,517","269,597","685,306","805,184","3,095,349","2,035,183","44,900","3,239","177,221","262,350","1,781,686","423,947","13,784","63,440","94,756","514,450","483,861","413,343","72,142","200,855","823,398","55,368","442,182"
"Population estimates base, April 1, 2010,  (V2018)","220,002","38,091","1,175","1,510,258","9,818,672","37,254,523","152,982","839,619","18,542","174,524","134,611","28,122","930,496","181,058","28,610","1,049,204","21,407","45,578","87,850","18,247","252,423","150,841","34,895","64,664","98,745","136,578","415,061","14,206","9,686","255,796","55,265","1,418,735","2,189,765","20,007","348,503","3,010,274","718,518","269,597","685,306","805,184","3,095,349","2,035,201","44,900","3,240","177,221","262,356","1,781,672","423,947","13,784","63,440","94,756","514,451","483,868","413,298","72,146","200,855","823,393","55,368","442,181"
"Population, percent change - April 1, 2010 (estimates base) to July 1, 2019,  (V2019)",-0.40%,4.40%,-3.90%,10.70%,2.20%,6.10%,Z,7.20%,-2.70%,3.80%,0.70%,1.00%,7.40%,6.50%,-2.80%,9.90%,0.70%,0.70%,-1.30%,-5.70%,2.50%,4.30%,-12.40%,-0.40%,1.00%,0.90%,4.60%,1.70%,-8.70%,8.60%,13.60%,9.40%,12.80%,-6.00%,14.30%,5.50%,6.70%,5.00%,11.20%,9.50%,7.80%,7.10%,-3.00%,-7.20%,1.60%,4.10%,8.20%,5.30%,-10.90%,2.60%,2.30%,7.00%,2.20%,8.30%,9.00%,9.80%,2.70%,-1.60%,5.40%
"Population, percent change - April 1, 2010 (estimates base) to July 1, 2018,  (V2018)",5.10%,3.40%,-6.30%,10.40%,2.90%,6.20%,-1.10%,6.80%,-3.00%,4.20%,1.30%,-0.30%,6.90%,5.30%,-2.70%,9.60%,1.00%,0.10%,-0.30%,-4.30%,2.90%,4.50%,-11.70%,-0.40%,1.00%,2.10%,4.90%,0.30%,-9.40%,7.40%,11.30%,8.60%,11.90%,-6.00%,12.80%,5.80%,7.10%,5.30%,9.80%,9.70%,8.00%,6.70%,-2.60%,-7.80%,1.60%,4.50%,8.80%,5.30%,-9.10%,0.80%,2.20%,6.90%,3.30%,8.10%,8.20%,9.70%,3.30%,-1.50%,5.40%
"Population, Census, April 1, 2010","220,000","38,091","1,175","1,510,271","9,818,605","37,253,956","152,982","839,631","18,546","174,528","134,623","28,122","930,450","181,058","28,610","1,049,025","21,419","45,578","87,841","18,251","252,409","150,865","34,895","64,665","98,764","136,484","415,057","14,202","9,686","255,793","55,269","1,418,788","2,189,641","20,007","348,432","3,010,232","718,451","269,637","685,306","805,235","3,095,313","2,035,210","44,900","3,240","177,223","262,382","1,781,642","423,895","13,786","63,463","94,737","514,453","483,878","413,344","72,155","200,849","823,318","55,365","442,179"
"Persons under 5 years, percent",5.50%,4.10%,4.00%,5.80%,6.00%,6.20%,7.50%,7.80%,5.60%,8.20%,5.30%,7.10%,7.80%,4.60%,5.60%,5.60%,7.10%,4.30%,5.90%,4.30%,4.60%,7.60%,5.00%,5.90%,4.30%,5.10%,7.10%,4.80%,5.00%,7.70%,6.60%,6.40%,6.50%,4.60%,5.30%,5.90%,5.70%,4.60%,7.10%,4.50%,6.20%,7.10%,5.20%,4.70%,5.90%,5.10%,5.90%,6.20%,4.30%,6.40%,7.00%,7.20%,5.00%,6.00%,7.90%,5.60%,5.90%,4.40%,7.90%
"Persons under 18 years, percent",20.00%,15.00%,17.50%,20.50%,21.70%,22.70%,27.10%,28.90%,20.50%,28.50%,19.20%,26.60%,28.30%,19.80%,21.00%,22.60%,27.30%,16.90%,21.40%,16.20%,20.00%,27.50%,17.10%,21.00%,17.10%,20.70%,26.10%,18.30%,19.50%,29.30%,25.70%,23.60%,25.10%,16.90%,22.20%,21.90%,20.60%,17.60%,27.10%,13.40%,21.60%,26.40%,20.10%,16.10%,21.40%,19.30%,21.90%,22.10%,17.10%,24.00%,25.90%,27.10%,19.60%,22.10%,27.60%,21.00%,22.90%,16.80%,30.70%
"Persons 65 years and over, percent",18.60%,27.00%,25.40%,13.80%,13.60%,14.30%,10.30%,11.00%,23.40%,13.00%,17.90%,15.90%,12.30%,21.20%,18.00%,15.80%,14.60%,27.50%,22.10%,27.90%,22.30%,14.00%,15.20%,22.70%,27.50%,19.10%,13.60%,15.80%,26.90%,11.20%,12.90%,14.10%,14.40%,28.40%,19.60%,14.80%,16.10%,20.10%,12.70%,15.70%,14.00%,11.60%,25.50%,31.60%,20.90%,16.50%,13.50%,15.30%,27.30%,19.40%,15.40%,13.20%,19.70%,15.80%,12.80%,12.50%,15.60%,26.20%,11.40%
"Female persons, percent",50.60%,45.60%,46.60%,50.80%,50.70%,50.30%,45.00%,48.70%,49.70%,48.70%,50.20%,49.20%,50.10%,50.10%,45.40%,51.10%,48.90%,50.20%,50.50%,49.00%,51.10%,51.80%,37.80%,50.10%,50.90%,50.20%,49.10%,46.90%,50.00%,49.50%,49.90%,51.10%,50.20%,50.20%,51.10%,50.60%,50.60%,49.30%,50.20%,49.00%,49.70%,50.20%,50.30%,49.40%,50.90%,50.50%,49.40%,50.00%,48.60%,50.30%,50.20%,50.50%,51.20%,50.30%,49.40%,51.60%,50.50%,48.10%,50.00%
"White alone, percent",85.90%,89.70%,69.90%,49.70%,70.80%,72.10%,81.00%,82.30%,80.00%,90.10%,83.40%,89.10%,76.70%,88.90%,78.40%,65.50%,91.20%,91.20%,86.20%,89.40%,85.50%,86.00%,81.10%,87.20%,93.40%,83.80%,82.70%,90.40%,88.30%,82.00%,87.90%,63.00%,79.70%,90.80%,84.30%,71.50%,60.00%,88.80%,66.50%,52.90%,75.50%,76.70%,86.10%,93.20%,87.80%,87.10%,53.10%,85.40%,87.00%,90.30%,72.80%,83.50%,86.80%,59.70%,78.30%,74.20%,84.10%,90.30%,88.20%
"Black or African American alone, percent",1.80%,2.70%,0.10%,11.20%,9.00%,6.50%,7.30%,6.30%,1.20%,3.40%,1.40%,1.40%,5.80%,1.00%,3.50%,9.50%,1.20%,1.00%,1.10%,1.30%,2.80%,4.30%,8.30%,2.10%,0.60%,2.50%,3.50%,0.80%,1.40%,4.00%,1.50%,10.90%,7.20%,1.00%,1.90%,2.10%,2.70%,2.10%,8.30%,5.60%,5.50%,9.40%,1.50%,0.60%,1.20%,1.40%,2.80%,2.40%,0.70%,1.00%,2.70%,3.50%,2.10%,14.80%,4.40%,3.00%,2.40%,2.00%,2.20%
"American Indian and Alaska Native alone, percent",2.50%,2.30%,23.90%,1.10%,1.40%,1.60%,3.20%,2.60%,13.50%,2.50%,6.30%,3.20%,3.00%,1.30%,9.30%,1.00%,2.80%,1.90%,6.30%,3.40%,1.00%,4.40%,4.30%,4.40%,1.30%,1.30%,2.60%,3.00%,5.00%,2.50%,3.10%,1.50%,1.90%,3.10%,1.10%,1.00%,0.90%,1.40%,2.00%,0.70%,1.30%,2.10%,5.10%,2.50%,3.20%,1.90%,1.20%,2.20%,5.20%,3.40%,2.40%,2.00%,2.20%,1.30%,2.90%,1.80%,1.90%,2.30%,2.80%
"Asian alone, percent",4.90%,1.70%,2.00%,31.80%,15.40%,15.30%,4.50%,5.40%,1.60%,2.10%,2.90%,3.10%,11.00%,4.70%,3.10%,18.00%,1.70%,1.70%,2.20%,1.70%,6.50%,2.50%,1.60%,1.40%,1.40%,8.80%,6.80%,2.20%,1.30%,7.90%,3.60%,16.90%,7.10%,1.20%,8.00%,21.40%,30.10%,4.00%,17.00%,35.90%,12.60%,7.80%,1.60%,0.70%,3.10%,5.20%,38.30%,6.00%,1.40%,1.40%,17.00%,6.10%,4.60%,16.20%,7.50%,15.00%,7.90%,1.40%,4.00%
"Native Hawaiian and Other Pacific Islander alone, percent",0.30%,0.30%,0.00%,1.00%,0.40%,0.50%,0.30%,0.30%,0.20%,0.20%,0.30%,0.20%,0.30%,0.20%,0.20%,0.60%,0.60%,0.30%,0.30%,0.20%,0.30%,0.30%,0.90%,0.30%,0.20%,0.40%,0.60%,0.30%,0.30%,0.40%,0.40%,1.30%,0.40%,0.10%,0.30%,0.40%,1.50%,0.20%,0.80%,0.50%,0.60%,0.50%,0.40%,0.10%,0.20%,0.20%,0.50%,0.30%,0.20%,0.20%,0.40%,0.90%,0.40%,1.00%,0.50%,0.60%,0.30%,0.30%,0.20%
"Two or More Races, percent",4.60%,3.30%,4.10%,5.30%,3.10%,3.90%,3.70%,3.10%,3.50%,1.70%,5.70%,3.00%,3.20%,3.80%,5.40%,5.30%,2.50%,3.90%,3.90%,4.00%,4.00%,2.50%,3.80%,4.60%,3.10%,3.30%,3.80%,3.30%,3.70%,3.20%,3.50%,6.40%,3.60%,3.70%,4.40%,3.50%,4.70%,3.60%,5.40%,4.40%,4.50%,3.50%,5.40%,2.80%,4.50%,4.20%,4.10%,3.70%,5.40%,3.70%,4.70%,4.10%,4.00%,7.00%,6.40%,5.40%,3.50%,3.60%,2.60%
"Hispanic or Latino, percent",16.70%,14.40%,11.40%,22.40%,48.60%,39.30%,55.00%,54.00%,22.70%,84.60%,11.80%,42.30%,53.50%,12.90%,20.00%,25.80%,60.30%,12.40%,25.60%,11.60%,16.10%,58.30%,19.20%,21.30%,9.70%,34.50%,59.10%,27.60%,14.20%,60.20%,60.60%,23.40%,49.60%,9.20%,14.30%,34.20%,24.30%,22.80%,41.90%,15.20%,34.00%,54.00%,12.90%,12.10%,10.30%,34.10%,25.30%,45.80%,7.50%,25.70%,31.50%,47.00%,27.20%,26.90%,28.70%,31.90%,43.00%,12.70%,65.20%
"White alone, not Hispanic or Latino, percent",71.60%,77.40%,64.10%,31.10%,26.10%,36.80%,31.80%,33.50%,61.80%,10.40%,74.10%,50.80%,29.00%,77.60%,62.40%,43.20%,34.30%,80.70%,64.70%,79.70%,71.50%,33.70%,65.10%,69.70%,84.90%,52.00%,29.60%,65.30%,77.70%,27.10%,33.50%,44.20%,34.70%,83.40%,72.10%,40.10%,38.90%,68.60%,31.00%,40.30%,45.20%,27.90%,75.70%,82.80%,79.60%,56.90%,31.00%,44.10%,81.80%,67.60%,45.30%,41.10%,63.10%,37.60%,54.30%,46.30%,45.00%,79.80%,28.10%
"Veterans, 2014-2018","15,026","3,936",82,"50,497","270,462","1,618,861","10,518","36,855","1,540","5,453","8,708","1,440","36,619","13,997","2,127","48,245",795,"4,416","6,053","1,601","11,373","6,775","2,184","5,053","8,319","7,741","17,403",673,866,"9,662","2,494","80,343","123,908","1,852","26,333","112,264","25,226","17,326","30,296","24,038","223,217","91,759","3,874",235,"14,335","10,595","53,119","21,908","1,218","4,471","6,129","21,985","26,477","32,811","5,822","8,111","40,892","5,246","14,158"
"Foreign born persons, percent, 2014-2018",7.60%,5.70%,2.40%,32.40%,34.20%,26.90%,18.10%,20.00%,9.20%,31.10%,5.40%,18.80%,21.30%,9.60%,7.00%,25.00%,27.50%,5.70%,13.00%,7.10%,18.40%,20.60%,5.20%,8.90%,5.50%,22.40%,30.00%,17.60%,7.20%,25.70%,20.30%,20.80%,21.70%,4.00%,11.00%,30.20%,34.80%,10.30%,23.30%,34.40%,23.40%,21.00%,5.20%,2.20%,5.50%,17.90%,38.70%,22.90%,4.50%,8.80%,22.20%,20.60%,16.50%,20.00%,12.50%,22.80%,22.00%,4.50%,22.20%
"Housing units,  July 1, 2018,  (V2018)","100,033","18,450","1,778","615,077","3,561,069","14,277,157","46,645","300,377","9,592","57,895","63,315","11,041","333,769","91,105","11,423","415,919","8,068","28,065","40,926","10,404","113,182","50,966","12,788","34,745","54,258","55,460","142,399","14,138","5,288","85,756","19,438","574,438","848,597","15,864","167,134","1,111,227","279,457","122,979","245,541","401,452","1,224,375","725,896","24,214","2,361","79,194","106,728","678,496","158,333","8,945","27,676","34,477","182,290","205,225","158,808","28,693","78,531","291,019","31,628","150,210"
"Owner-occupied housing unit rate, 2014-2018",59.20%,76.60%,83.90%,53.30%,45.80%,54.60%,51.70%,58.00%,63.20%,58.40%,56.90%,59.70%,52.80%,76.60%,62.40%,65.60%,61.50%,77.70%,59.20%,69.00%,63.80%,64.00%,67.90%,66.10%,74.30%,63.70%,51.10%,62.20%,76.60%,52.00%,63.50%,56.00%,65.80%,72.90%,71.60%,57.40%,59.90%,60.80%,55.60%,37.60%,53.10%,59.30%,65.60%,81.40%,63.50%,59.40%,56.70%,52.20%,66.70%,64.80%,57.40%,57.40%,60.80%,60.70%,58.80%,51.70%,63.30%,69.80%,56.80%
"Median value of owner-occupied housing units, 2014-2018","$248,100 ","$296,400 ","$349,000 ","$707,800 ","$543,400 ","$475,900 ","$202,800 ","$205,200 ","$262,400 ","$177,100 ","$296,600 ","$222,000 ","$237,500 ","$437,200 ","$204,000 ","$582,400 ","$249,800 ","$297,700 ","$356,800 ","$269,500 ","$959,200 ","$235,200 ","$184,200 ","$195,400 ","$400,000 ","$603,700 ","$477,200 ","$326,400 ","$133,300 ","$229,500 ","$496,200 ","$330,100 ","$330,600 ","$234,900 ","$443,700 ","$652,900 ","$994,100 ","$537,900 ","$313,800 ","$1,009,500 ","$526,300 ","$305,400 ","$186,300 ","$173,200 ","$242,500 ","$711,000 ","$913,000 ","$549,900 ","$284,600 ","$203,400 ","$260,300 ","$272,400 ","$568,700 ","$377,500 ","$231,900 ","$395,500 ","$559,700 ","$278,900 ","$191,200 "
"Median selected monthly owner costs -with a mortgage, 2014-2018","$1,570 ","$1,755 ","$1,797 ","$2,806 ","$2,417 ","$2,282 ","$1,421 ","$1,490 ","$1,851 ","$1,423 ","$1,682 ","$1,428 ","$1,579 ","$2,249 ","$1,383 ","$2,641 ","$1,571 ","$1,846 ","$1,851 ","$1,627 ","$3,500 ","$1,492 ","$1,426 ","$1,523 ","$2,032 ","$2,526 ","$2,185 ","$1,927 ","$1,066 ","$1,441 ","$2,378 ","$1,860 ","$1,927 ","$1,529 ","$2,298 ","$2,702 ","$3,360 ","$2,262 ","$1,838 ","$3,473 ","$2,478 ","$1,758 ","$1,315 ","$1,367 ","$1,556 ","$2,745 ","$3,229 ","$2,303 ","$1,386 ","$1,325 ","$1,654 ","$1,642 ","$2,334 ","$2,072 ","$1,617 ","$2,155 ","$2,497 ","$1,683 ","$1,376 "
"Median selected monthly owner costs -without a mortgage, 2014-2018",$461 ,$538 ,$544 ,$647 ,$584 ,$569 ,$427 ,$437 ,$478 ,$435 ,$439 ,$411 ,$467 ,$634 ,$446 ,$669 ,$451 ,$544 ,$475 ,$440 ,$866 ,$461 ,$396 ,$478 ,$582 ,$645 ,$554 ,$555 ,$331 ,$430 ,$636 ,$516 ,$555 ,$476 ,$653 ,$621 ,$729 ,$570 ,$495 ,$671 ,$595 ,$470 ,$417 ,$470 ,$476 ,$635 ,$755 ,$600 ,$354 ,$388 ,$480 ,$477 ,$621 ,$531 ,$425 ,$553 ,$591 ,$545 ,$400 
"Median gross rent, 2014-2018","$1,016 ","$1,056 ",$540 ,"$1,674 ","$1,390 ","$1,429 ",$971 ,$956 ,$891 ,$818 ,$947 ,$788 ,$967 ,"$1,200 ",$862 ,"$1,702 ",$877 ,"$1,286 ","$1,100 ",$799 ,"$1,970 ",$986 ,$945 ,$968 ,"$1,222 ","$1,621 ","$1,401 ","$1,125 ",$705 ,$973 ,"$1,477 ","$1,184 ","$1,311 ",$868 ,"$1,463 ","$1,777 ","$2,158 ","$1,385 ","$1,159 ","$1,805 ","$1,569 ","$1,230 ",$836 ,$888 ,"$1,000 ","$1,647 ","$2,126 ","$1,576 ",$815 ,$839 ,$986 ,"$1,099 ","$1,549 ","$1,498 ",$951 ,"$1,266 ","$1,705 ",$970 ,$904 
"Building permits, 2018",703,172,4,"8,056","22,009","113,502",352,"2,452",X,400,379,59,"2,929",543,25,"2,907",68,112,140,36,164,503,7,113,541,269,732,71,6,630,553,"4,667","9,232",41,"1,887","7,515","1,116","1,050","3,280","5,178","9,834","5,577",54,6,306,426,"8,191",928,55,144,97,759,"3,279",990,379,776,"1,204",68,"1,528"
"Households, 2014-2018","86,797","14,090",299,"572,870","3,306,109","12,965,435","42,735","267,913","8,083","44,057","54,267","10,017","304,624","69,172","9,799","392,277","7,113","17,417","34,090","7,700","105,258","44,759","9,493","25,966","40,904","49,032","126,052","4,847","3,660","79,606","17,740","536,029","718,349","8,047","140,661","1,032,373","261,969","105,317","226,727","359,673","1,118,980","630,633","19,257","1,241","70,473","95,756","635,525","144,962","5,796","24,025","32,360","172,682","189,339","149,067","26,179","73,510","271,226","22,427","136,106"
"Persons per household, 2014-2018",2.55,2.42,3.71,2.81,3,2.96,3.16,3.18,2.16,3.87,2.43,2.75,3.16,2.67,2.48,2.86,2.99,2.57,2.5,2.13,2.4,3.28,2.23,2.43,2.39,2.78,3.3,2.86,2.31,3.31,3.33,2.77,3.27,2.28,2.67,3.02,2.89,2.52,3.16,2.36,2.87,3.3,2.23,2.34,2.49,2.73,2.97,2.92,2.17,2.6,2.93,3.09,2.6,2.87,2.83,2.81,3.08,2.25,3.34
"Living in same house 1 year ago, percent of persons age 1 year+, 2014-2018",81.70%,85.20%,88.00%,86.90%,89.20%,86.70%,80.20%,85.30%,87.40%,86.90%,80.80%,90.90%,85.00%,87.10%,81.70%,87.10%,86.60%,88.80%,86.40%,88.20%,86.60%,88.40%,73.30%,82.30%,88.70%,87.90%,87.90%,86.40%,85.30%,85.50%,88.90%,84.30%,86.40%,85.60%,86.40%,87.00%,88.00%,82.10%,85.40%,85.80%,84.30%,86.20%,84.20%,95.70%,85.20%,85.50%,85.50%,80.50%,90.10%,86.10%,86.30%,86.70%,86.20%,84.70%,81.80%,78.20%,89.00%,82.30%,88.20%
"Language other than English spoken at home, percent of persons age 5 years+, 2014-2018",15.00%,10.50%,7.90%,45.20%,56.60%,44.10%,39.90%,44.10%,15.40%,76.00%,11.80%,38.50%,44.80%,12.40%,12.70%,35.10%,51.70%,7.40%,22.00%,10.90%,22.70%,45.10%,17.90%,15.70%,8.30%,34.90%,55.10%,24.80%,12.50%,52.50%,40.20%,32.40%,40.60%,8.50%,14.90%,45.40%,46.30%,17.90%,41.00%,43.10%,37.70%,41.60%,8.40%,7.70%,8.60%,32.00%,52.60%,39.70%,10.10%,20.00%,37.50%,42.50%,25.50%,29.80%,25.00%,37.90%,38.40%,7.60%,51.00%
"Households with a computer, percent, 2014-2018",90.80%,89.30%,91.00%,93.60%,90.40%,91.70%,87.90%,85.40%,89.80%,84.70%,89.80%,83.30%,87.70%,93.10%,87.50%,94.40%,84.00%,86.50%,85.90%,87.10%,94.20%,87.30%,84.20%,83.70%,91.50%,92.60%,87.60%,91.40%,75.90%,89.20%,93.90%,93.20%,91.50%,84.20%,94.10%,94.40%,94.60%,92.50%,88.70%,91.90%,93.90%,91.20%,85.40%,78.90%,88.00%,91.60%,95.30%,91.40%,82.00%,83.00%,88.80%,89.90%,93.10%,93.00%,89.30%,93.20%,91.90%,88.80%,83.90%
"Households with a broadband Internet subscription, percent, 2014-2018",83.20%,81.40%,84.90%,87.50%,82.10%,84.70%,77.20%,76.80%,77.90%,73.90%,81.10%,69.80%,77.90%,85.70%,76.80%,90.20%,77.30%,77.90%,77.60%,76.10%,90.50%,76.80%,76.10%,72.60%,84.40%,87.60%,80.80%,83.30%,69.40%,79.70%,88.80%,85.60%,84.70%,75.90%,88.40%,89.30%,89.70%,86.20%,79.90%,86.00%,88.80%,81.70%,77.80%,73.20%,78.80%,86.40%,90.70%,85.30%,66.90%,71.70%,82.00%,82.80%,87.10%,88.70%,80.30%,86.50%,86.80%,78.20%,73.60%
"High school graduate or higher, percent of persons age 25 years+, 2014-2018",89.30%,90.30%,88.90%,88.00%,78.70%,82.90%,73.70%,73.80%,88.80%,69.00%,90.30%,75.30%,75.30%,93.10%,81.00%,89.40%,69.40%,90.40%,86.90%,90.40%,93.20%,71.90%,82.80%,85.20%,94.20%,85.10%,71.30%,88.70%,85.60%,69.40%,79.90%,87.40%,81.70%,93.90%,94.60%,85.10%,89.20%,90.90%,78.90%,88.50%,87.10%,79.50%,90.00%,93.30%,90.80%,86.40%,88.10%,81.00%,90.60%,84.40%,78.00%,78.30%,88.00%,88.00%,82.00%,86.40%,84.40%,90.40%,69.80%
"Bachelor's degree or higher, percent of persons age 25 years+, 2014-2018",26.50%,20.30%,30.00%,46.00%,31.80%,33.30%,13.50%,16.10%,26.10%,14.50%,29.80%,13.90%,20.70%,33.70%,14.30%,41.70%,15.40%,18.70%,24.70%,23.40%,58.80%,14.50%,12.00%,15.80%,36.60%,34.90%,24.50%,30.60%,15.90%,14.00%,19.70%,30.40%,21.80%,23.50%,38.60%,39.90%,49.90%,34.60%,18.40%,57.10%,38.10%,20.30%,22.50%,18.70%,22.20%,40.00%,51.30%,33.80%,19.70%,15.50%,17.70%,16.90%,34.90%,26.20%,16.70%,41.60%,33.10%,20.00%,14.30%
"With a disability, under age 65 years, percent, 2014-2018",12.40%,11.50%,16.50%,5.90%,6.10%,6.80%,8.70%,8.00%,7.30%,9.10%,12.20%,11.50%,9.20%,8.80%,15.60%,7.50%,8.70%,14.80%,12.10%,13.20%,5.00%,8.90%,12.00%,13.90%,9.90%,7.50%,5.40%,4.40%,10.10%,9.70%,6.20%,8.20%,7.50%,14.00%,6.30%,5.00%,4.60%,7.00%,8.60%,5.90%,6.10%,7.40%,13.60%,9.80%,12.20%,8.00%,4.50%,6.20%,13.30%,14.90%,9.10%,9.10%,8.30%,8.40%,12.30%,5.90%,6.90%,14.30%,8.30%
"Persons  without health insurance, under age 65 years, percent",7.20%,6.20%,7.60%,5.80%,10.10%,8.30%,9.00%,8.60%,9.00%,7.90%,8.90%,11.00%,8.70%,5.40%,6.20%,5.90%,10.70%,7.30%,10.70%,8.00%,5.40%,10.40%,4.80%,9.20%,7.00%,8.50%,11.50%,10.00%,10.50%,8.70%,8.10%,6.40%,8.90%,6.90%,4.30%,8.30%,5.40%,7.30%,7.60%,5.00%,8.40%,8.30%,8.60%,7.80%,7.10%,7.40%,5.10%,10.50%,8.70%,7.80%,8.60%,7.00%,7.60%,5.70%,7.40%,6.00%,9.30%,6.40%,8.80%
"In civilian labor force, total, percent of population age 16 years+, 2014-2018",55.70%,44.50%,47.60%,66.80%,64.40%,63.10%,51.20%,58.00%,57.40%,52.80%,59.10%,55.30%,60.70%,57.70%,43.70%,64.60%,62.70%,47.30%,58.50%,51.40%,64.10%,53.80%,35.00%,50.00%,55.00%,65.20%,59.00%,72.40%,45.80%,59.40%,68.10%,62.40%,59.80%,50.40%,59.90%,65.50%,68.70%,57.20%,60.40%,70.70%,62.90%,60.10%,50.70%,51.60%,53.30%,63.60%,67.40%,63.50%,47.20%,53.50%,58.10%,60.80%,64.80%,62.10%,55.80%,59.70%,65.20%,48.80%,58.80%
"In civilian labor force, female, percent of population age 16 years+, 2014-2018",52.20%,46.20%,44.30%,60.90%,57.90%,57.20%,51.40%,52.10%,54.40%,51.60%,57.40%,47.20%,54.90%,53.20%,47.00%,58.60%,54.00%,45.00%,53.30%,47.90%,58.90%,47.30%,50.30%,46.70%,50.20%,60.00%,53.70%,70.00%,46.60%,50.80%,61.40%,58.10%,53.00%,46.40%,54.70%,58.50%,63.00%,53.60%,53.50%,66.70%,58.20%,54.40%,48.60%,53.70%,50.00%,58.80%,60.00%,58.20%,44.90%,48.60%,51.10%,53.10%,60.10%,58.50%,49.80%,55.80%,59.10%,48.70%,50.60%
"Total accommodation and food services sales, 2012 ($1,000)","350,474","242,022",D,"3,192,420","22,965,135","90,830,372","378,595","1,092,151","99,615","182,646","257,506","33,163","1,226,169","319,784","32,299","1,659,988","97,807","69,645","182,602","157,933","729,652","150,065","35,984","88,833","231,154","774,149","1,328,768","246,872","8,304","232,910","49,887","2,422,674","5,230,919",D,"1,452,014","9,050,642","2,552,854","824,771","808,606","6,142,745","10,403,824","2,857,960","71,463",D,"285,536","586,009","4,809,201","1,428,929","13,381","65,144","116,640","705,698","1,058,691","625,627","54,774","656,580","1,597,442","92,814","451,880"
"Total health care and social assistance receipts/revenue, 2012 ($1,000)","1,434,454","147,701",D,"12,949,087","67,261,267","248,953,592","587,818","3,675,000","121,556","511,132","695,496","51,980","5,325,615","680,939","121,283","8,262,635","41,246","108,936","427,217",D,"2,102,255","760,956","84,085","256,618","525,893","1,360,685","2,150,972","69,406","33,918","788,114","143,209","12,358,663","8,412,078","85,167","3,125,443","20,682,197","5,166,992","1,580,460","3,447,722","10,175,813","21,337,795","11,199,315","174,118",D,"1,324,574","1,689,915","17,020,991","2,637,280","27,947","179,484","392,432","3,634,960","3,156,169","3,241,785","396,851","846,965","3,987,634","345,557","1,610,236"
"Total manufacturers shipments, 2012 ($1,000)","1,341,089","139,631",X,D,"163,829,606","512,303,164","2,904,014","6,890,714",D,"1,465,960",D,D,"8,658,325","517,354","41,171","33,681,206","474,519",D,"453,444",D,D,"1,441,125",X,"80,536","319,706","4,623,531","2,258,929",D,D,"4,435,633","591,100","6,960,679","15,137,013",D,"932,893","47,299,399",D,"2,854,029","9,212,428",D,"33,320,461","17,591,611","203,399",D,"511,871","1,213,401","41,450,609","4,157,565",D,"449,524","543,504","11,703,620","6,131,694","11,412,211","107,200","2,538,431","8,333,976","173,104","8,362,447"
"Total merchant wholesaler sales, 2012 ($1,000)",D,D,X,"37,580,614","199,804,798","666,652,186","746,638","6,987,888",D,"1,599,144","361,890","160,076","9,266,337","316,707",D,"6,887,164","428,726",D,"407,625","18,908","1,864,552","508,930",D,D,D,D,"5,775,222",D,D,"2,260,180","275,366","18,746,336","18,716,807",D,"4,474,436","97,795,982","15,969,681",D,"11,713,538","11,121,715","35,937,366","30,996,187","165,194",D,"1,023,859","5,898,193","91,858,973","3,475,600",D,"88,813","1,197,304","5,295,116","4,443,204","2,803,726",D,"6,762,093",D,D,"3,890,547"
"Total retail sales, 2012 ($1,000)","2,576,900","321,498",576,"20,901,014","121,389,378","481,800,461","1,031,953","8,640,550","229,032","1,676,853","1,759,201","191,222","9,117,752","1,597,758","192,759","11,847,866","127,885","252,345","1,095,233","102,452","5,087,526","1,012,856","215,837","522,337","1,012,263","1,699,004","4,457,401","139,784","45,741","1,959,473","345,195","15,227,280","25,058,857","139,325","6,437,879","45,193,625","11,330,620","3,624,029","7,059,491","14,632,652","39,786,069","24,380,486","426,654","5,072","2,507,063","4,367,955","40,336,741","4,853,808","72,655","654,574","1,069,489","5,933,581","6,016,331","5,106,627","390,218","1,968,762","11,194,185","573,262","3,903,527"
"Total retail sales per capita, 2012","$11,632 ","$8,681 ",$510 ,"$13,444 ","$12,184 ","$12,665 ","$6,818 ","$10,092 ","$12,383 ","$9,477 ","$13,048 ","$6,831 ","$9,619 ","$8,849 ","$6,814 ","$10,974 ","$5,973 ","$5,640 ","$12,527 ","$5,722 ","$19,868 ","$6,654 ","$6,413 ","$8,164 ","$10,299 ","$12,219 ","$10,445 ","$9,742 ","$4,904 ","$7,470 ","$6,068 ","$10,501 ","$11,045 ","$7,182 ","$17,800 ","$14,625 ","$15,326 ","$13,188 ","$10,047 ","$17,718 ","$12,523 ","$11,714 ","$9,663 ","$1,644 ","$14,038 ","$16,373 ","$21,952 ","$11,255 ","$5,372 ","$10,324 ","$11,255 ","$11,373 ","$12,233 ","$12,137 ","$5,351 ","$9,645 ","$13,390 ","$10,614 ","$8,637 "
"Mean travel time to work (minutes), workers age 16 years+, 2014-2018",21,31.6,21.6,33.4,31.3,29.3,22.9,23.3,16.3,22,18.1,21.8,22.6,29.3,14.6,38,25.1,37.9,20.1,28.7,32.5,27.1,20.8,30.4,24.8,24.9,22.7,15.9,15.5,27.4,35.3,27.4,33.3,19.9,27.4,27.7,28.8,22.2,33.2,33.3,26,31.4,18.5,28.1,20.4,27,28.7,19.8,19.6,23.4,26.7,29,25.4,32.6,30.4,23.6,26.8,26.9,22.7
"Median household income (in 2018 dollars), 2014-2018","$48,443 ","$61,198 ","$64,688 ","$92,574 ","$64,251 ","$71,228 ","$53,865 ","$52,479 ","$52,874 ","$45,834 ","$45,528 ","$47,395 ","$51,261 ","$80,582 ","$45,258 ","$93,712 ","$56,704 ","$58,151 ","$49,233 ","$51,199 ","$110,217 ","$52,884 ","$56,362 ","$42,475 ","$63,240 ","$84,753 ","$66,676 ","$63,018 ","$45,149 ","$50,129 ","$81,977 ","$63,902 ","$63,948 ","$53,270 ","$84,357 ","$85,398 ","$113,776 ","$70,699 ","$61,145 ","$104,552 ","$74,855 ","$60,164 ","$44,200 ","$48,125 ","$50,905 ","$78,041 ","$116,178 ","$71,657 ","$38,497 ","$42,899 ","$56,955 ","$57,387 ","$76,753 ","$77,609 ","$52,624 ","$65,923 ","$84,017 ","$56,493 ","$47,518 "
"Per capita income in past 12 months (in 2018 dollars), 2014-2018","$27,537 ","$30,100 ","$29,041 ","$44,283 ","$32,469 ","$35,021 ","$21,186 ","$22,553 ","$31,540 ","$17,590 ","$26,747 ","$21,736 ","$23,284 ","$40,382 ","$22,832 ","$45,524 ","$27,336 ","$32,494 ","$27,395 ","$29,776 ","$69,275 ","$21,394 ","$21,897 ","$25,404 ","$37,145 ","$42,677 ","$28,836 ","$33,421 ","$23,235 ","$21,634 ","$31,475 ","$31,311 ","$27,142 ","$32,710 ","$41,508 ","$39,590 ","$57,375 ","$35,832 ","$26,145 ","$64,157 ","$36,156 ","$23,956 ","$28,130 ","$31,972 ","$27,983 ","$39,001 ","$52,451 ","$34,229 ","$25,964 ","$23,126 ","$26,070 ","$25,101 ","$39,929 ","$33,700 ","$23,867 ","$32,598 ","$36,891 ","$33,685 ","$20,421 "
"Persons in poverty, percent",18.50%,11.80%,17.30%,9.00%,14.20%,12.80%,18.80%,20.50%,12.30%,21.40%,20.30%,15.40%,21.30%,8.10%,20.40%,7.80%,11.00%,12.10%,17.50%,14.90%,6.60%,20.20%,15.80%,18.40%,10.30%,8.80%,13.30%,9.30%,19.10%,21.20%,8.60%,14.30%,12.70%,12.50%,7.10%,10.50%,6.80%,12.70%,14.30%,10.10%,11.50%,14.90%,17.10%,13.30%,15.20%,12.20%,7.30%,12.60%,21.60%,17.00%,13.50%,15.60%,9.90%,7.90%,17.20%,20.10%,9.10%,12.50%,22.20%
"Total employer establishments, 2017","4,724",842,37,"40,095","275,316","941,377","1,643","12,924",501,"2,538","3,209",452,"16,881","4,516",411,"23,951",372,924,"2,468",324,"10,070","1,961",414,"1,118","3,077","4,270","8,754",603,153,"3,110",986,"29,515","38,946",590,"10,816","96,901","21,366","8,402","11,512","34,518","85,077","35,635","1,077",67,"4,195","7,061","48,711","11,761",246,976,"1,780","9,096","14,174","7,079",819,"4,155","21,339","1,295","6,413"
"Total employment, 2017","62,600","8,199",577,"690,339","3,821,173","14,896,625","25,053","189,762","5,175","32,109","34,987","4,938","261,800","46,146","4,051","336,654","3,879","6,278","23,672","2,463","101,361","26,755","3,560","9,800","29,079","64,132","113,209","6,757","1,240","45,686","12,664","481,229","575,169","3,675","149,730","1,503,084","385,982","91,732","190,958","653,172","1,266,620","604,327","8,881",209,"50,261","79,038","1,055,739","149,750","1,586","12,305","21,864","142,929","173,035","111,931","10,312","66,001","258,166","12,834","96,618"
"Total annual payroll, 2017 ($1,000)","2,470,822","312,142","9,262","49,902,351","224,580,111","955,043,843","1,003,815","8,548,327","194,597","1,129,548","1,292,159","242,273","11,318,094","2,149,587","138,912","22,767,919","172,544","221,845","903,114","84,524","6,739,067","1,149,388","127,976","387,361","1,183,332","3,423,642","5,267,379","236,263","47,499","1,711,049","575,922","26,676,913","23,204,080","165,557","7,789,783","87,827,433","48,197,075","4,112,883","8,413,586","67,936,064","72,979,449","26,056,323","319,313","8,123","2,078,574","3,756,429","126,890,119","7,920,629","57,910","537,084","915,346","6,518,092","9,003,207","5,723,681","468,265","3,200,644","13,825,872","526,484","3,808,834"
"Total employment, percent change, 2016-2017",3.60%,-0.30%,5.10%,4.20%,-1.30%,2.00%,5.20%,-0.40%,1.10%,-3.00%,1.50%,-5.00%,2.40%,2.50%,-1.00%,3.30%,-4.00%,0.40%,1.10%,-23.50%,0.80%,0.30%,-1.70%,2.30%,6.00%,2.60%,5.00%,4.60%,2.80%,5.90%,7.30%,3.20%,3.90%,-0.10%,5.10%,1.40%,3.10%,1.50%,7.80%,4.00%,1.50%,3.80%,2.30%,6.10%,0.40%,1.50%,3.30%,1.90%,0.70%,-2.60%,4.10%,2.70%,2.90%,0.70%,5.40%,4.60%,0.70%,1.60%,2.20%
"Total nonemployer establishments, 2017","14,041","2,792",105,"146,922","1,078,846","3,374,050","4,937","47,788","1,310","9,735","11,576","1,382","53,708","17,202","1,276","98,238","1,043","3,582","8,480","1,344","38,060","7,445","1,134","3,876","12,623","12,202","25,436","1,453",590,"11,317","3,649","110,386","171,641","1,622","33,868","316,034","72,285","25,718","40,470","100,087","285,707","148,999","3,380",253,"11,802","25,175","146,547","34,636",909,"3,327","6,015","29,034","46,172","25,848","3,641","13,626","69,899","4,234","20,643"
"All firms, 2012","16,240","2,807",125,"150,564","1,146,701","3,548,449","6,091","51,393","1,717","11,202","12,821","1,880","59,569","16,711","1,686","93,083","1,138","3,387","9,569","1,529","39,815","8,094","1,236","4,466","11,822","14,236","30,151","1,750",427,"12,848","3,867","110,172","175,971","2,039","31,846","340,116","75,507","28,626","41,940","116,803","293,426","160,500","3,489",269,"13,342","29,325","163,130","39,952","1,123","3,954","5,461","33,036","52,975","25,724","3,432","13,884","76,285","4,466","23,310"
"Men-owned firms, 2012","8,370","1,383",F,"76,387","601,676","1,852,580","3,083","25,177",732,"5,340","6,709",961,"30,341","8,514",727,"47,721",539,"1,861","4,763",733,"19,795","3,888",564,"2,293","6,086","7,574","15,108",987,162,"7,163","1,694","58,846","90,803",942,"16,123","180,456","39,910","14,544","21,962","63,864","154,416","81,064","1,626",183,"7,068","14,998","84,501","20,585",543,"2,219","2,907","16,930","26,518","11,695","1,687","6,840","39,995","2,140","12,168"
"Women-owned firms, 2012","5,341",921,49,"57,305","439,513","1,320,085","2,112","20,004",591,"4,765","4,162",705,"22,727","5,445",578,"34,296",306,"1,008","3,226",586,"15,500","3,202",410,"1,624","3,818","4,309","10,537",518,194,"4,071","1,596","40,013","66,313",560,"10,464","119,431","26,594","9,282","14,941","40,135","105,329","63,349","1,151",64,"4,162","10,986","58,589","13,911",434,"1,140","1,806","11,455","19,302","10,091","1,357","5,186","26,682","1,484","8,115"
"Minority-owned firms, 2012","1,858",259,F,"75,026","631,218","1,619,857","2,862","26,610",362,"8,501","1,853",593,"30,912","2,340",241,"35,831",397,291,"1,518",189,"5,813","3,203",231,639,"1,029","3,192","11,087",230,55,"6,912","1,408","43,535","85,804",198,"5,173","145,603","30,914","4,950","20,472","46,128","106,472","98,288",411,F,"1,752","6,086","82,931","10,340",214,784,"1,957","13,341","9,178","11,202",958,"4,258","25,161",350,"11,023"
"Nonminority-owned firms, 2012","13,644","2,453",115,"69,300","481,643","1,819,107","2,876","23,006","1,256","2,330","10,333","1,238","26,343","13,840","1,367","53,403",656,"2,983","7,528","1,246","32,232","4,524",938,"3,713","10,382","10,398","17,358","1,467",350,"5,448","2,306","62,814","84,871","1,742","24,725","182,028","40,894","22,457","19,915","64,708","175,754","57,667","2,867",242,"10,680","22,079","72,818","27,596",838,"3,001","3,108","18,348","41,571","13,085","2,345","8,826","48,210","3,939","11,406"
"Veteran-owned firms, 2012","1,766",258,F,"10,213","69,608","252,377",691,"3,770",98,608,"1,132",89,"4,556","1,659",257,"7,291",55,392,762,162,"3,304",618,97,503,"1,136","1,446","2,414",256,40,"1,060",296,"9,080","13,760",218,"3,095","22,774","5,141","2,588","3,449","6,378","25,354","11,117",283,F,"1,422","2,135","9,400","3,254",240,464,542,"2,914","4,296","2,296",311,"1,078","5,861",444,"1,677"
"Nonveteran-owned firms, 2012","13,509","2,363",116,"134,032","1,044,750","3,176,341","5,039","45,383","1,552","10,000","11,005","1,587","51,988","14,367","1,295","81,940",944,"2,799","8,242","1,285","34,571","7,044","1,025","3,812","9,929","11,880","25,705","1,367",347,"11,149","3,319","96,579","156,472","1,653","26,285","303,786","66,645","24,340","36,663","104,957","255,209","144,106","3,028",222,"10,968","25,951","146,384","34,332",805,"3,282","4,598","28,584","45,989","21,710","2,935","11,829","67,137","3,596","20,452"
"Population per square mile, 2010",134.4,64.1,1.6,"2,043.60","2,419.60",239.1,110.1,103.3,1.8,41.8,37.7,21.4,156.2,106,28.4,"1,465.20",18.6,44.7,25.1,12.6,485.1,70.6,7.7,51.5,103.1,182.4,126.5,4.7,2.5,132.2,39.8,"1,470.80",303.8,7.8,247.6,"3,807.70","1,602.20",81.7,492.6,"17,179.10",735.8,101.5,7.2,3.4,46.9,589.4,"1,381.00",155,4.3,21.5,157.3,344.2,307.1,503,114.2,197.9,446.7,24.9,91.7
"Land area in square miles, 2010","1,636.46",594.58,738.33,739.02,"4,057.88","155,779.22","1,389.42","8,131.92","10,180.88","4,176.60","3,567.99","1,313.95","5,957.99","1,707.88","1,006.37",715.94,"1,150.73","1,020.01","3,506.34","1,448.82",520.31,"2,137.07","4,541.18","1,256.46",957.77,748.36,"3,280.60","3,048.98","3,917.77","1,934.97","1,388.71",964.64,"7,206.48","2,553.04","1,407.01",790.57,448.41,"3,298.57","1,391.32",46.87,"4,206.63","20,056.94","6,277.89",953.21,"3,775.40",445.17,"1,290.10","2,735.09","3,179.25","2,949.71",602.41,"1,494.83","1,575.85",821.77,631.84,"1,014.69","1,843.13","2,220.88","4,824.22"
FIPS Code,"""06007""","""06005""","""06003""","""06001""","""06037""","""06""","""06031""","""06029""","""06027""","""06025""","""06023""","""06021""","""06019""","""06017""","""06015""","""06013""","""06011""","""06009""","""06045""","""06043""","""06041""","""06039""","""06035""","""06033""","""06057""","""06055""","""06053""","""06051""","""06049""","""06047""","""06069""","""06067""","""06065""","""06063""","""06061""","""06059""","""06081""","""06079""","""06077""","""06075""","""06073""","""06071""","""06093""","""06091""","""06089""","""06087""","""06085""","""06083""","""06105""","""06103""","""06101""","""06099""","""06097""","""06095""","""06115""","""06113""","""06111""","""06109""","""06107"""
